class	path
jadx.core.export.ApplicationParams	/home/nima/Desktop/docker/benchmarks/jadx/jadx-core/src/main/java/jadx/core/export/ApplicationParams.java
jadx.core.export.ExportGradleProject	/home/nima/Desktop/docker/benchmarks/jadx/jadx-core/src/main/java/jadx/core/export/ExportGradleProject.java
jadx.core.dex.nodes.RootNode	/home/nima/Desktop/docker/benchmarks/jadx/jadx-core/src/main/java/jadx/core/dex/nodes/RootNode.java
jadx.api.ResourceFile	/home/nima/Desktop/docker/benchmarks/jadx/jadx-core/src/main/java/jadx/api/ResourceFile.java
jadx.api.ResourceFile$ZipRef	/home/nima/Desktop/docker/benchmarks/jadx/jadx-core/src/main/java/jadx/api/ResourceFile.java
jadx.core.xmlgen.ResContainer	/home/nima/Desktop/docker/benchmarks/jadx/jadx-core/src/main/java/jadx/core/xmlgen/ResContainer.java
jadx.core.xmlgen.ResContainer$DataType	/home/nima/Desktop/docker/benchmarks/jadx/jadx-core/src/main/java/jadx/core/xmlgen/ResContainer.java
jadx.api.ICodeInfo	/home/nima/Desktop/docker/benchmarks/jadx/jadx-core/src/main/java/jadx/api/ICodeInfo.java
jadx.api.metadata.ICodeMetadata	/home/nima/Desktop/docker/benchmarks/jadx/jadx-core/src/main/java/jadx/api/metadata/ICodeMetadata.java
jadx.api.metadata.ICodeAnnotation	/home/nima/Desktop/docker/benchmarks/jadx/jadx-core/src/main/java/jadx/api/metadata/ICodeAnnotation.java
jadx.api.metadata.ICodeAnnotation$AnnType	/home/nima/Desktop/docker/benchmarks/jadx/jadx-core/src/main/java/jadx/api/metadata/ICodeAnnotation.java
jadx.api.metadata.ICodeNodeRef	/home/nima/Desktop/docker/benchmarks/jadx/jadx-core/src/main/java/jadx/api/metadata/ICodeNodeRef.java
jadx.api.JadxDecompiler	/home/nima/Desktop/docker/benchmarks/jadx/jadx-core/src/main/java/jadx/api/JadxDecompiler.java
jadx.api.JadxDecompiler$ProgressListener	/home/nima/Desktop/docker/benchmarks/jadx/jadx-core/src/main/java/jadx/api/JadxDecompiler.java
jadx.api.ResourceType	/home/nima/Desktop/docker/benchmarks/jadx/jadx-core/src/main/java/jadx/api/ResourceType.java
jadx.core.xmlgen.entry.ResourceEntry	/home/nima/Desktop/docker/benchmarks/jadx/jadx-core/src/main/java/jadx/core/xmlgen/entry/ResourceEntry.java
jadx.core.xmlgen.entry.ProtoValue	/home/nima/Desktop/docker/benchmarks/jadx/jadx-core/src/main/java/jadx/core/xmlgen/entry/ProtoValue.java
jadx.core.xmlgen.entry.RawValue	/home/nima/Desktop/docker/benchmarks/jadx/jadx-core/src/main/java/jadx/core/xmlgen/entry/RawValue.java
jadx.core.xmlgen.entry.RawNamedValue	/home/nima/Desktop/docker/benchmarks/jadx/jadx-core/src/main/java/jadx/core/xmlgen/entry/RawNamedValue.java
jadx.api.JadxArgs	/home/nima/Desktop/docker/benchmarks/jadx/jadx-core/src/main/java/jadx/api/JadxArgs.java
jadx.api.JadxArgs$RenameEnum	/home/nima/Desktop/docker/benchmarks/jadx/jadx-core/src/main/java/jadx/api/JadxArgs.java
jadx.api.JadxArgs$OutputFormatEnum	/home/nima/Desktop/docker/benchmarks/jadx/jadx-core/src/main/java/jadx/api/JadxArgs.java
jadx.api.JadxArgs$UseKotlinMethodsForVarNames	/home/nima/Desktop/docker/benchmarks/jadx/jadx-core/src/main/java/jadx/api/JadxArgs.java
jadx.api.JavaClass	/home/nima/Desktop/docker/benchmarks/jadx/jadx-core/src/main/java/jadx/api/JavaClass.java
jadx.api.JavaNode	/home/nima/Desktop/docker/benchmarks/jadx/jadx-core/src/main/java/jadx/api/JavaNode.java
jadx.core.xmlgen.BinaryXMLParser	/home/nima/Desktop/docker/benchmarks/jadx/jadx-core/src/main/java/jadx/core/xmlgen/BinaryXMLParser.java
jadx.core.xmlgen.CommonBinaryParser	/home/nima/Desktop/docker/benchmarks/jadx/jadx-core/src/main/java/jadx/core/xmlgen/CommonBinaryParser.java
jadx.core.xmlgen.ParserConstants	/home/nima/Desktop/docker/benchmarks/jadx/jadx-core/src/main/java/jadx/core/xmlgen/ParserConstants.java
jadx.core.xmlgen.ProtoXMLParser	/home/nima/Desktop/docker/benchmarks/jadx/jadx-core/src/main/java/jadx/core/xmlgen/ProtoXMLParser.java
jadx.core.dex.info.AccessInfo	/home/nima/Desktop/docker/benchmarks/jadx/jadx-core/src/main/java/jadx/core/dex/info/AccessInfo.java
jadx.core.dex.info.AccessInfo$AFType	/home/nima/Desktop/docker/benchmarks/jadx/jadx-core/src/main/java/jadx/core/dex/info/AccessInfo.java
jadx.core.dex.nodes.ProcessState	/home/nima/Desktop/docker/benchmarks/jadx/jadx-core/src/main/java/jadx/core/dex/nodes/ProcessState.java
jadx.core.dex.nodes.ClassNode	/home/nima/Desktop/docker/benchmarks/jadx/jadx-core/src/main/java/jadx/core/dex/nodes/ClassNode.java
jadx.core.dex.attributes.nodes.NotificationAttrNode	/home/nima/Desktop/docker/benchmarks/jadx/jadx-core/src/main/java/jadx/core/dex/attributes/nodes/NotificationAttrNode.java
jadx.core.dex.attributes.nodes.LineAttrNode	/home/nima/Desktop/docker/benchmarks/jadx/jadx-core/src/main/java/jadx/core/dex/attributes/nodes/LineAttrNode.java
jadx.core.dex.attributes.AttrNode	/home/nima/Desktop/docker/benchmarks/jadx/jadx-core/src/main/java/jadx/core/dex/attributes/AttrNode.java
jadx.core.dex.attributes.IAttributeNode	/home/nima/Desktop/docker/benchmarks/jadx/jadx-core/src/main/java/jadx/core/dex/attributes/IAttributeNode.java
jadx.core.dex.attributes.ILineAttributeNode	/home/nima/Desktop/docker/benchmarks/jadx/jadx-core/src/main/java/jadx/core/dex/attributes/ILineAttributeNode.java
jadx.core.dex.nodes.ICodeNode	/home/nima/Desktop/docker/benchmarks/jadx/jadx-core/src/main/java/jadx/core/dex/nodes/ICodeNode.java
jadx.core.dex.nodes.IDexNode	/home/nima/Desktop/docker/benchmarks/jadx/jadx-core/src/main/java/jadx/core/dex/nodes/IDexNode.java
jadx.core.dex.nodes.IUsageInfoNode	/home/nima/Desktop/docker/benchmarks/jadx/jadx-core/src/main/java/jadx/core/dex/nodes/IUsageInfoNode.java
jadx.core.dex.nodes.ILoadable	/home/nima/Desktop/docker/benchmarks/jadx/jadx-core/src/main/java/jadx/core/dex/nodes/ILoadable.java
jadx.core.utils.Utils	/home/nima/Desktop/docker/benchmarks/jadx/jadx-core/src/main/java/jadx/core/utils/Utils.java
jadx.core.utils.Utils$1	/home/nima/Desktop/docker/benchmarks/jadx/jadx-core/src/main/java/jadx/core/utils/Utils.java
jadx.core.dex.nodes.MethodNode	/home/nima/Desktop/docker/benchmarks/jadx/jadx-core/src/main/java/jadx/core/dex/nodes/MethodNode.java
jadx.core.dex.nodes.IMethodDetails	/home/nima/Desktop/docker/benchmarks/jadx/jadx-core/src/main/java/jadx/core/dex/nodes/IMethodDetails.java
jadx.api.JavaMethod	/home/nima/Desktop/docker/benchmarks/jadx/jadx-core/src/main/java/jadx/api/JavaMethod.java
jadx.core.dex.nodes.FieldNode	/home/nima/Desktop/docker/benchmarks/jadx/jadx-core/src/main/java/jadx/core/dex/nodes/FieldNode.java
jadx.api.JavaField	/home/nima/Desktop/docker/benchmarks/jadx/jadx-core/src/main/java/jadx/api/JavaField.java
jadx.api.IDecompileScheduler	/home/nima/Desktop/docker/benchmarks/jadx/jadx-core/src/main/java/jadx/api/IDecompileScheduler.java
jadx.api.JavaPackage	/home/nima/Desktop/docker/benchmarks/jadx/jadx-core/src/main/java/jadx/api/JavaPackage.java
jadx.api.metadata.annotations.VarNode	/home/nima/Desktop/docker/benchmarks/jadx/jadx-core/src/main/java/jadx/api/metadata/annotations/VarNode.java
jadx.api.JavaVariable	/home/nima/Desktop/docker/benchmarks/jadx/jadx-core/src/main/java/jadx/api/JavaVariable.java
jadx.api.metadata.annotations.VarRef	/home/nima/Desktop/docker/benchmarks/jadx/jadx-core/src/main/java/jadx/api/metadata/annotations/VarRef.java
jadx.api.metadata.annotations.VarRef$FixedVarRef	/home/nima/Desktop/docker/benchmarks/jadx/jadx-core/src/main/java/jadx/api/metadata/annotations/VarRef.java
jadx.api.metadata.annotations.VarRef$RelatedVarRef	/home/nima/Desktop/docker/benchmarks/jadx/jadx-core/src/main/java/jadx/api/metadata/annotations/VarRef.java
jadx.core.dex.instructions.args.ArgType	/home/nima/Desktop/docker/benchmarks/jadx/jadx-core/src/main/java/jadx/core/dex/instructions/args/ArgType.java
jadx.core.dex.instructions.args.ArgType$KnownType	/home/nima/Desktop/docker/benchmarks/jadx/jadx-core/src/main/java/jadx/core/dex/instructions/args/ArgType.java
jadx.core.dex.instructions.args.ArgType$PrimitiveArg	/home/nima/Desktop/docker/benchmarks/jadx/jadx-core/src/main/java/jadx/core/dex/instructions/args/ArgType.java
jadx.core.dex.instructions.args.ArgType$ObjectType	/home/nima/Desktop/docker/benchmarks/jadx/jadx-core/src/main/java/jadx/core/dex/instructions/args/ArgType.java
jadx.core.dex.instructions.args.ArgType$GenericType	/home/nima/Desktop/docker/benchmarks/jadx/jadx-core/src/main/java/jadx/core/dex/instructions/args/ArgType.java
jadx.core.dex.instructions.args.ArgType$WildcardBound	/home/nima/Desktop/docker/benchmarks/jadx/jadx-core/src/main/java/jadx/core/dex/instructions/args/ArgType.java
jadx.core.dex.instructions.args.ArgType$WildcardType	/home/nima/Desktop/docker/benchmarks/jadx/jadx-core/src/main/java/jadx/core/dex/instructions/args/ArgType.java
jadx.core.dex.instructions.args.ArgType$GenericObject	/home/nima/Desktop/docker/benchmarks/jadx/jadx-core/src/main/java/jadx/core/dex/instructions/args/ArgType.java
jadx.core.dex.instructions.args.ArgType$OuterGenericObject	/home/nima/Desktop/docker/benchmarks/jadx/jadx-core/src/main/java/jadx/core/dex/instructions/args/ArgType.java
jadx.core.dex.instructions.args.ArgType$ArrayArg	/home/nima/Desktop/docker/benchmarks/jadx/jadx-core/src/main/java/jadx/core/dex/instructions/args/ArgType.java
jadx.core.dex.instructions.args.ArgType$UnknownArg	/home/nima/Desktop/docker/benchmarks/jadx/jadx-core/src/main/java/jadx/core/dex/instructions/args/ArgType.java
jadx.core.dex.instructions.args.PrimitiveType	/home/nima/Desktop/docker/benchmarks/jadx/jadx-core/src/main/java/jadx/core/dex/instructions/args/PrimitiveType.java
jadx.core.dex.instructions.args.RegisterArg	/home/nima/Desktop/docker/benchmarks/jadx/jadx-core/src/main/java/jadx/core/dex/instructions/args/RegisterArg.java
jadx.core.dex.instructions.args.InsnArg	/home/nima/Desktop/docker/benchmarks/jadx/jadx-core/src/main/java/jadx/core/dex/instructions/args/InsnArg.java
jadx.core.dex.instructions.args.Typed	/home/nima/Desktop/docker/benchmarks/jadx/jadx-core/src/main/java/jadx/core/dex/instructions/args/Typed.java
jadx.core.dex.instructions.args.Named	/home/nima/Desktop/docker/benchmarks/jadx/jadx-core/src/main/java/jadx/core/dex/instructions/args/Named.java
jadx.core.dex.instructions.args.CodeVar	/home/nima/Desktop/docker/benchmarks/jadx/jadx-core/src/main/java/jadx/core/dex/instructions/args/CodeVar.java
jadx.core.dex.instructions.args.SSAVar	/home/nima/Desktop/docker/benchmarks/jadx/jadx-core/src/main/java/jadx/core/dex/instructions/args/SSAVar.java
jadx.core.dex.instructions.PhiInsn	/home/nima/Desktop/docker/benchmarks/jadx/jadx-core/src/main/java/jadx/core/dex/instructions/PhiInsn.java
jadx.core.dex.nodes.InsnNode	/home/nima/Desktop/docker/benchmarks/jadx/jadx-core/src/main/java/jadx/core/dex/nodes/InsnNode.java
jadx.core.dex.visitors.typeinference.TypeInfo	/home/nima/Desktop/docker/benchmarks/jadx/jadx-core/src/main/java/jadx/core/dex/visitors/typeinference/TypeInfo.java
jadx.core.dex.visitors.typeinference.ITypeBound	/home/nima/Desktop/docker/benchmarks/jadx/jadx-core/src/main/java/jadx/core/dex/visitors/typeinference/ITypeBound.java
jadx.core.dex.visitors.typeinference.BoundEnum	/home/nima/Desktop/docker/benchmarks/jadx/jadx-core/src/main/java/jadx/core/dex/visitors/typeinference/BoundEnum.java
jadx.core.dex.nodes.BlockNode	/home/nima/Desktop/docker/benchmarks/jadx/jadx-core/src/main/java/jadx/core/dex/nodes/BlockNode.java
jadx.core.dex.nodes.IBlock	/home/nima/Desktop/docker/benchmarks/jadx/jadx-core/src/main/java/jadx/core/dex/nodes/IBlock.java
jadx.core.dex.nodes.IContainer	/home/nima/Desktop/docker/benchmarks/jadx/jadx-core/src/main/java/jadx/core/dex/nodes/IContainer.java
jadx.core.dex.regions.SwitchRegion	/home/nima/Desktop/docker/benchmarks/jadx/jadx-core/src/main/java/jadx/core/dex/regions/SwitchRegion.java
jadx.core.dex.regions.SwitchRegion$CaseInfo	/home/nima/Desktop/docker/benchmarks/jadx/jadx-core/src/main/java/jadx/core/dex/regions/SwitchRegion.java
jadx.core.codegen.RegionGen	/home/nima/Desktop/docker/benchmarks/jadx/jadx-core/src/main/java/jadx/core/codegen/RegionGen.java
jadx.core.utils.android.AndroidResourcesUtils	/home/nima/Desktop/docker/benchmarks/jadx/jadx-core/src/main/java/jadx/core/utils/android/AndroidResourcesUtils.java
jadx.core.utils.android.AndroidResourcesUtils$ResClsInfo	/home/nima/Desktop/docker/benchmarks/jadx/jadx-core/src/main/java/jadx/core/utils/android/AndroidResourcesUtils.java
jadx.core.codegen.InsnGen	/home/nima/Desktop/docker/benchmarks/jadx/jadx-core/src/main/java/jadx/core/codegen/InsnGen.java
jadx.core.codegen.InsnGen$Flags	/home/nima/Desktop/docker/benchmarks/jadx/jadx-core/src/main/java/jadx/core/codegen/InsnGen.java
jadx.core.dex.regions.AbstractRegion	/home/nima/Desktop/docker/benchmarks/jadx/jadx-core/src/main/java/jadx/core/dex/regions/AbstractRegion.java
jadx.core.dex.nodes.IRegion	/home/nima/Desktop/docker/benchmarks/jadx/jadx-core/src/main/java/jadx/core/dex/nodes/IRegion.java
jadx.core.dex.nodes.IBranchRegion	/home/nima/Desktop/docker/benchmarks/jadx/jadx-core/src/main/java/jadx/core/dex/nodes/IBranchRegion.java
jadx.api.ICodeWriter	/home/nima/Desktop/docker/benchmarks/jadx/jadx-core/src/main/java/jadx/api/ICodeWriter.java
jadx.core.utils.exceptions.CodegenException	/home/nima/Desktop/docker/benchmarks/jadx/jadx-core/src/main/java/jadx/core/utils/exceptions/CodegenException.java
jadx.core.utils.exceptions.JadxException	/home/nima/Desktop/docker/benchmarks/jadx/jadx-core/src/main/java/jadx/core/utils/exceptions/JadxException.java
jadx.core.codegen.MethodGen	/home/nima/Desktop/docker/benchmarks/jadx/jadx-core/src/main/java/jadx/core/codegen/MethodGen.java
jadx.core.codegen.MethodGen$FallbackOption	/home/nima/Desktop/docker/benchmarks/jadx/jadx-core/src/main/java/jadx/core/codegen/MethodGen.java
jadx.core.dex.regions.conditions.IfRegion	/home/nima/Desktop/docker/benchmarks/jadx/jadx-core/src/main/java/jadx/core/dex/regions/conditions/IfRegion.java
jadx.core.dex.regions.conditions.ConditionRegion	/home/nima/Desktop/docker/benchmarks/jadx/jadx-core/src/main/java/jadx/core/dex/regions/conditions/ConditionRegion.java
jadx.core.dex.nodes.IConditionRegion	/home/nima/Desktop/docker/benchmarks/jadx/jadx-core/src/main/java/jadx/core/dex/nodes/IConditionRegion.java
jadx.core.dex.regions.loops.LoopRegion	/home/nima/Desktop/docker/benchmarks/jadx/jadx-core/src/main/java/jadx/core/dex/regions/loops/LoopRegion.java
jadx.core.dex.regions.SynchronizedRegion	/home/nima/Desktop/docker/benchmarks/jadx/jadx-core/src/main/java/jadx/core/dex/regions/SynchronizedRegion.java
jadx.core.dex.regions.TryCatchRegion	/home/nima/Desktop/docker/benchmarks/jadx/jadx-core/src/main/java/jadx/core/dex/regions/TryCatchRegion.java
jadx.core.dex.trycatch.ExceptionHandler	/home/nima/Desktop/docker/benchmarks/jadx/jadx-core/src/main/java/jadx/core/dex/trycatch/ExceptionHandler.java
jadx.core.dex.info.ClassInfo	/home/nima/Desktop/docker/benchmarks/jadx/jadx-core/src/main/java/jadx/core/dex/info/ClassInfo.java
jadx.core.dex.trycatch.TryCatchBlockAttr	/home/nima/Desktop/docker/benchmarks/jadx/jadx-core/src/main/java/jadx/core/dex/trycatch/TryCatchBlockAttr.java
jadx.core.dex.info.ClassAliasInfo	/home/nima/Desktop/docker/benchmarks/jadx/jadx-core/src/main/java/jadx/core/dex/info/ClassAliasInfo.java
jadx.core.dex.regions.Region	/home/nima/Desktop/docker/benchmarks/jadx/jadx-core/src/main/java/jadx/core/dex/regions/Region.java
jadx.core.dex.attributes.nodes.LoopInfo	/home/nima/Desktop/docker/benchmarks/jadx/jadx-core/src/main/java/jadx/core/dex/attributes/nodes/LoopInfo.java
jadx.core.dex.regions.loops.LoopType	/home/nima/Desktop/docker/benchmarks/jadx/jadx-core/src/main/java/jadx/core/dex/regions/loops/LoopType.java
jadx.core.dex.nodes.Edge	/home/nima/Desktop/docker/benchmarks/jadx/jadx-core/src/main/java/jadx/core/dex/nodes/Edge.java
jadx.core.dex.regions.conditions.IfCondition	/home/nima/Desktop/docker/benchmarks/jadx/jadx-core/src/main/java/jadx/core/dex/regions/conditions/IfCondition.java
jadx.core.dex.regions.conditions.IfCondition$Mode	/home/nima/Desktop/docker/benchmarks/jadx/jadx-core/src/main/java/jadx/core/dex/regions/conditions/IfCondition.java
jadx.core.dex.regions.conditions.IfInfo	/home/nima/Desktop/docker/benchmarks/jadx/jadx-core/src/main/java/jadx/core/dex/regions/conditions/IfInfo.java
jadx.core.dex.regions.conditions.Compare	/home/nima/Desktop/docker/benchmarks/jadx/jadx-core/src/main/java/jadx/core/dex/regions/conditions/Compare.java
jadx.core.utils.BlockUtils	/home/nima/Desktop/docker/benchmarks/jadx/jadx-core/src/main/java/jadx/core/utils/BlockUtils.java
jadx.core.dex.instructions.IfNode	/home/nima/Desktop/docker/benchmarks/jadx/jadx-core/src/main/java/jadx/core/dex/instructions/IfNode.java
jadx.core.dex.instructions.GotoNode	/home/nima/Desktop/docker/benchmarks/jadx/jadx-core/src/main/java/jadx/core/dex/instructions/GotoNode.java
jadx.core.dex.instructions.TargetInsnNode	/home/nima/Desktop/docker/benchmarks/jadx/jadx-core/src/main/java/jadx/core/dex/instructions/TargetInsnNode.java
jadx.core.dex.instructions.IfOp	/home/nima/Desktop/docker/benchmarks/jadx/jadx-core/src/main/java/jadx/core/dex/instructions/IfOp.java
jadx.core.dex.instructions.InsnType	/home/nima/Desktop/docker/benchmarks/jadx/jadx-core/src/main/java/jadx/core/dex/instructions/InsnType.java
jadx.core.dex.attributes.AFlag	/home/nima/Desktop/docker/benchmarks/jadx/jadx-core/src/main/java/jadx/core/dex/attributes/AFlag.java
jadx.core.dex.attributes.nodes.EnumClassAttr	/home/nima/Desktop/docker/benchmarks/jadx/jadx-core/src/main/java/jadx/core/dex/attributes/nodes/EnumClassAttr.java
jadx.core.dex.attributes.nodes.EnumClassAttr$EnumField	/home/nima/Desktop/docker/benchmarks/jadx/jadx-core/src/main/java/jadx/core/dex/attributes/nodes/EnumClassAttr.java
jadx.core.codegen.ClassGen	/home/nima/Desktop/docker/benchmarks/jadx/jadx-core/src/main/java/jadx/core/codegen/ClassGen.java
jadx.core.codegen.AnnotationGen	/home/nima/Desktop/docker/benchmarks/jadx/jadx-core/src/main/java/jadx/core/codegen/AnnotationGen.java
jadx.core.codegen.NameGen	/home/nima/Desktop/docker/benchmarks/jadx/jadx-core/src/main/java/jadx/core/codegen/NameGen.java
jadx.core.dex.instructions.args.NamedArg	/home/nima/Desktop/docker/benchmarks/jadx/jadx-core/src/main/java/jadx/core/dex/instructions/args/NamedArg.java
jadx.core.dex.attributes.nodes.LoopLabelAttr	/home/nima/Desktop/docker/benchmarks/jadx/jadx-core/src/main/java/jadx/core/dex/attributes/nodes/LoopLabelAttr.java
jadx.core.dex.info.MethodInfo	/home/nima/Desktop/docker/benchmarks/jadx/jadx-core/src/main/java/jadx/core/dex/info/MethodInfo.java
jadx.core.dex.attributes.AType	/home/nima/Desktop/docker/benchmarks/jadx/jadx-core/src/main/java/jadx/core/dex/attributes/AType.java
jadx.core.dex.attributes.AttrList	/home/nima/Desktop/docker/benchmarks/jadx/jadx-core/src/main/java/jadx/core/dex/attributes/AttrList.java
jadx.core.dex.attributes.nodes.RenameReasonAttr	/home/nima/Desktop/docker/benchmarks/jadx/jadx-core/src/main/java/jadx/core/dex/attributes/nodes/RenameReasonAttr.java
jadx.core.dex.attributes.nodes.JadxError	/home/nima/Desktop/docker/benchmarks/jadx/jadx-core/src/main/java/jadx/core/dex/attributes/nodes/JadxError.java
jadx.core.dex.attributes.nodes.JadxCommentsAttr	/home/nima/Desktop/docker/benchmarks/jadx/jadx-core/src/main/java/jadx/core/dex/attributes/nodes/JadxCommentsAttr.java
jadx.core.dex.attributes.nodes.EnumMapAttr	/home/nima/Desktop/docker/benchmarks/jadx/jadx-core/src/main/java/jadx/core/dex/attributes/nodes/EnumMapAttr.java
jadx.core.dex.attributes.nodes.EnumMapAttr$KeyValueMap	/home/nima/Desktop/docker/benchmarks/jadx/jadx-core/src/main/java/jadx/core/dex/attributes/nodes/EnumMapAttr.java
jadx.core.dex.attributes.nodes.ClassTypeVarsAttr	/home/nima/Desktop/docker/benchmarks/jadx/jadx-core/src/main/java/jadx/core/dex/attributes/nodes/ClassTypeVarsAttr.java
jadx.core.dex.attributes.nodes.AnonymousClassAttr	/home/nima/Desktop/docker/benchmarks/jadx/jadx-core/src/main/java/jadx/core/dex/attributes/nodes/AnonymousClassAttr.java
jadx.core.dex.attributes.nodes.InlinedAttr	/home/nima/Desktop/docker/benchmarks/jadx/jadx-core/src/main/java/jadx/core/dex/attributes/nodes/InlinedAttr.java
jadx.core.dex.attributes.FieldInitInsnAttr	/home/nima/Desktop/docker/benchmarks/jadx/jadx-core/src/main/java/jadx/core/dex/attributes/FieldInitInsnAttr.java
jadx.core.dex.attributes.nodes.FieldReplaceAttr	/home/nima/Desktop/docker/benchmarks/jadx/jadx-core/src/main/java/jadx/core/dex/attributes/nodes/FieldReplaceAttr.java
jadx.core.dex.attributes.nodes.FieldReplaceAttr$ReplaceWith	/home/nima/Desktop/docker/benchmarks/jadx/jadx-core/src/main/java/jadx/core/dex/attributes/nodes/FieldReplaceAttr.java
jadx.core.dex.attributes.nodes.LocalVarsDebugInfoAttr	/home/nima/Desktop/docker/benchmarks/jadx/jadx-core/src/main/java/jadx/core/dex/attributes/nodes/LocalVarsDebugInfoAttr.java
jadx.core.dex.attributes.nodes.MethodInlineAttr	/home/nima/Desktop/docker/benchmarks/jadx/jadx-core/src/main/java/jadx/core/dex/attributes/nodes/MethodInlineAttr.java
jadx.core.dex.attributes.nodes.MethodReplaceAttr	/home/nima/Desktop/docker/benchmarks/jadx/jadx-core/src/main/java/jadx/core/dex/attributes/nodes/MethodReplaceAttr.java
jadx.core.dex.attributes.nodes.MethodBridgeAttr	/home/nima/Desktop/docker/benchmarks/jadx/jadx-core/src/main/java/jadx/core/dex/attributes/nodes/MethodBridgeAttr.java
jadx.core.dex.attributes.nodes.SkipMethodArgsAttr	/home/nima/Desktop/docker/benchmarks/jadx/jadx-core/src/main/java/jadx/core/dex/attributes/nodes/SkipMethodArgsAttr.java
jadx.core.dex.attributes.nodes.MethodOverrideAttr	/home/nima/Desktop/docker/benchmarks/jadx/jadx-core/src/main/java/jadx/core/dex/attributes/nodes/MethodOverrideAttr.java
jadx.core.dex.attributes.nodes.MethodTypeVarsAttr	/home/nima/Desktop/docker/benchmarks/jadx/jadx-core/src/main/java/jadx/core/dex/attributes/nodes/MethodTypeVarsAttr.java
jadx.core.dex.attributes.nodes.DeclareVariablesAttr	/home/nima/Desktop/docker/benchmarks/jadx/jadx-core/src/main/java/jadx/core/dex/attributes/nodes/DeclareVariablesAttr.java
jadx.core.dex.attributes.nodes.PhiListAttr	/home/nima/Desktop/docker/benchmarks/jadx/jadx-core/src/main/java/jadx/core/dex/attributes/nodes/PhiListAttr.java
jadx.core.dex.attributes.nodes.ForceReturnAttr	/home/nima/Desktop/docker/benchmarks/jadx/jadx-core/src/main/java/jadx/core/dex/attributes/nodes/ForceReturnAttr.java
jadx.core.dex.attributes.nodes.EdgeInsnAttr	/home/nima/Desktop/docker/benchmarks/jadx/jadx-core/src/main/java/jadx/core/dex/attributes/nodes/EdgeInsnAttr.java
jadx.core.dex.attributes.nodes.SpecialEdgeAttr	/home/nima/Desktop/docker/benchmarks/jadx/jadx-core/src/main/java/jadx/core/dex/attributes/nodes/SpecialEdgeAttr.java
jadx.core.dex.attributes.nodes.SpecialEdgeAttr$SpecialEdgeType	/home/nima/Desktop/docker/benchmarks/jadx/jadx-core/src/main/java/jadx/core/dex/attributes/nodes/SpecialEdgeAttr.java
jadx.core.dex.attributes.nodes.TmpEdgeAttr	/home/nima/Desktop/docker/benchmarks/jadx/jadx-core/src/main/java/jadx/core/dex/attributes/nodes/TmpEdgeAttr.java
jadx.core.dex.trycatch.ExcHandlerAttr	/home/nima/Desktop/docker/benchmarks/jadx/jadx-core/src/main/java/jadx/core/dex/trycatch/ExcHandlerAttr.java
jadx.core.dex.trycatch.CatchAttr	/home/nima/Desktop/docker/benchmarks/jadx/jadx-core/src/main/java/jadx/core/dex/trycatch/CatchAttr.java
jadx.core.dex.attributes.nodes.JumpInfo	/home/nima/Desktop/docker/benchmarks/jadx/jadx-core/src/main/java/jadx/core/dex/attributes/nodes/JumpInfo.java
jadx.core.dex.attributes.nodes.GenericInfoAttr	/home/nima/Desktop/docker/benchmarks/jadx/jadx-core/src/main/java/jadx/core/dex/attributes/nodes/GenericInfoAttr.java
jadx.core.dex.attributes.nodes.RegDebugInfoAttr	/home/nima/Desktop/docker/benchmarks/jadx/jadx-core/src/main/java/jadx/core/dex/attributes/nodes/RegDebugInfoAttr.java
jadx.api.CommentsLevel	/home/nima/Desktop/docker/benchmarks/jadx/jadx-core/src/main/java/jadx/api/CommentsLevel.java
jadx.core.utils.StringUtils	/home/nima/Desktop/docker/benchmarks/jadx/jadx-core/src/main/java/jadx/core/utils/StringUtils.java
jadx.core.dex.instructions.mods.ConstructorInsn	/home/nima/Desktop/docker/benchmarks/jadx/jadx-core/src/main/java/jadx/core/dex/instructions/mods/ConstructorInsn.java
jadx.core.dex.instructions.mods.ConstructorInsn$CallType	/home/nima/Desktop/docker/benchmarks/jadx/jadx-core/src/main/java/jadx/core/dex/instructions/mods/ConstructorInsn.java
jadx.core.dex.instructions.BaseInvokeNode	/home/nima/Desktop/docker/benchmarks/jadx/jadx-core/src/main/java/jadx/core/dex/instructions/BaseInvokeNode.java
jadx.core.dex.instructions.InvokeNode	/home/nima/Desktop/docker/benchmarks/jadx/jadx-core/src/main/java/jadx/core/dex/instructions/InvokeNode.java
jadx.core.dex.instructions.InvokeType	/home/nima/Desktop/docker/benchmarks/jadx/jadx-core/src/main/java/jadx/core/dex/instructions/InvokeType.java
jadx.core.dex.instructions.args.LiteralArg	/home/nima/Desktop/docker/benchmarks/jadx/jadx-core/src/main/java/jadx/core/dex/instructions/args/LiteralArg.java
jadx.core.dex.instructions.args.InsnWrapArg	/home/nima/Desktop/docker/benchmarks/jadx/jadx-core/src/main/java/jadx/core/dex/instructions/args/InsnWrapArg.java
jadx.core.dex.info.FieldInfo	/home/nima/Desktop/docker/benchmarks/jadx/jadx-core/src/main/java/jadx/core/dex/info/FieldInfo.java
jadx.core.dex.instructions.FillArrayInsn	/home/nima/Desktop/docker/benchmarks/jadx/jadx-core/src/main/java/jadx/core/dex/instructions/FillArrayInsn.java
jadx.core.dex.instructions.FilledNewArrayNode	/home/nima/Desktop/docker/benchmarks/jadx/jadx-core/src/main/java/jadx/core/dex/instructions/FilledNewArrayNode.java
jadx.core.dex.instructions.InvokeCustomNode	/home/nima/Desktop/docker/benchmarks/jadx/jadx-core/src/main/java/jadx/core/dex/instructions/InvokeCustomNode.java
jadx.core.dex.instructions.mods.TernaryInsn	/home/nima/Desktop/docker/benchmarks/jadx/jadx-core/src/main/java/jadx/core/dex/instructions/mods/TernaryInsn.java
jadx.core.dex.instructions.ArithNode	/home/nima/Desktop/docker/benchmarks/jadx/jadx-core/src/main/java/jadx/core/dex/instructions/ArithNode.java
jadx.core.dex.instructions.ArithOp	/home/nima/Desktop/docker/benchmarks/jadx/jadx-core/src/main/java/jadx/core/dex/instructions/ArithOp.java
jadx.core.dex.instructions.FillArrayData	/home/nima/Desktop/docker/benchmarks/jadx/jadx-core/src/main/java/jadx/core/dex/instructions/FillArrayData.java
jadx.core.xmlgen.ResourceStorage	/home/nima/Desktop/docker/benchmarks/jadx/jadx-core/src/main/java/jadx/core/xmlgen/ResourceStorage.java
jadx.core.utils.exceptions.DecodeException	/home/nima/Desktop/docker/benchmarks/jadx/jadx-core/src/main/java/jadx/core/utils/exceptions/DecodeException.java
jadx.core.dex.nodes.LoadStage	/home/nima/Desktop/docker/benchmarks/jadx/jadx-core/src/main/java/jadx/core/dex/nodes/LoadStage.java
jadx.api.DecompilationMode	/home/nima/Desktop/docker/benchmarks/jadx/jadx-core/src/main/java/jadx/api/DecompilationMode.java
jadx.core.dex.attributes.AttributeStorage	/home/nima/Desktop/docker/benchmarks/jadx/jadx-core/src/main/java/jadx/core/dex/attributes/AttributeStorage.java
jadx.core.xmlgen.entry.ValuesParser	/home/nima/Desktop/docker/benchmarks/jadx/jadx-core/src/main/java/jadx/core/xmlgen/entry/ValuesParser.java
jadx.core.xmlgen.ParserStream	/home/nima/Desktop/docker/benchmarks/jadx/jadx-core/src/main/java/jadx/core/xmlgen/ParserStream.java
jadx.api.ICodeCache	/home/nima/Desktop/docker/benchmarks/jadx/jadx-core/src/main/java/jadx/api/ICodeCache.java
jadx.api.args.DeobfuscationMapFileMode	/home/nima/Desktop/docker/benchmarks/jadx/jadx-core/src/main/java/jadx/api/args/DeobfuscationMapFileMode.java
jadx.api.args.ResourceNameSource	/home/nima/Desktop/docker/benchmarks/jadx/jadx-core/src/main/java/jadx/api/args/ResourceNameSource.java
jadx.api.data.ICodeData	/home/nima/Desktop/docker/benchmarks/jadx/jadx-core/src/main/java/jadx/api/data/ICodeData.java
jadx.api.data.ICodeComment	/home/nima/Desktop/docker/benchmarks/jadx/jadx-core/src/main/java/jadx/api/data/ICodeComment.java
jadx.api.data.ICodeRename	/home/nima/Desktop/docker/benchmarks/jadx/jadx-core/src/main/java/jadx/api/data/ICodeRename.java
jadx.api.data.IJavaNodeRef	/home/nima/Desktop/docker/benchmarks/jadx/jadx-core/src/main/java/jadx/api/data/IJavaNodeRef.java
jadx.api.data.IJavaNodeRef$RefType	/home/nima/Desktop/docker/benchmarks/jadx/jadx-core/src/main/java/jadx/api/data/IJavaNodeRef.java
jadx.api.data.IJavaCodeRef	/home/nima/Desktop/docker/benchmarks/jadx/jadx-core/src/main/java/jadx/api/data/IJavaCodeRef.java
jadx.api.data.CodeRefType	/home/nima/Desktop/docker/benchmarks/jadx/jadx-core/src/main/java/jadx/api/data/CodeRefType.java
jadx.core.dex.visitors.IDexTreeVisitor	/home/nima/Desktop/docker/benchmarks/jadx/jadx-core/src/main/java/jadx/core/dex/visitors/IDexTreeVisitor.java
jadx.core.dex.nodes.ICodeDataUpdateListener	/home/nima/Desktop/docker/benchmarks/jadx/jadx-core/src/main/java/jadx/core/dex/nodes/ICodeDataUpdateListener.java
jadx.core.ProcessClass	/home/nima/Desktop/docker/benchmarks/jadx/jadx-core/src/main/java/jadx/core/ProcessClass.java
jadx.core.utils.ErrorsCounter	/home/nima/Desktop/docker/benchmarks/jadx/jadx-core/src/main/java/jadx/core/utils/ErrorsCounter.java
jadx.core.dex.info.ConstStorage	/home/nima/Desktop/docker/benchmarks/jadx/jadx-core/src/main/java/jadx/core/dex/info/ConstStorage.java
jadx.core.dex.info.ConstStorage$ValueStorage	/home/nima/Desktop/docker/benchmarks/jadx/jadx-core/src/main/java/jadx/core/dex/info/ConstStorage.java
jadx.core.dex.info.InfoStorage	/home/nima/Desktop/docker/benchmarks/jadx/jadx-core/src/main/java/jadx/core/dex/info/InfoStorage.java
jadx.core.utils.CacheStorage	/home/nima/Desktop/docker/benchmarks/jadx/jadx-core/src/main/java/jadx/core/utils/CacheStorage.java
jadx.core.dex.visitors.typeinference.TypeUpdateResult	/home/nima/Desktop/docker/benchmarks/jadx/jadx-core/src/main/java/jadx/core/dex/visitors/typeinference/TypeUpdateResult.java
jadx.core.dex.visitors.typeinference.TypeUpdate	/home/nima/Desktop/docker/benchmarks/jadx/jadx-core/src/main/java/jadx/core/dex/visitors/typeinference/TypeUpdate.java
jadx.core.dex.nodes.utils.MethodUtils	/home/nima/Desktop/docker/benchmarks/jadx/jadx-core/src/main/java/jadx/core/dex/nodes/utils/MethodUtils.java
jadx.core.dex.nodes.utils.TypeUtils	/home/nima/Desktop/docker/benchmarks/jadx/jadx-core/src/main/java/jadx/core/dex/nodes/utils/TypeUtils.java
jadx.core.clsp.ClspGraph	/home/nima/Desktop/docker/benchmarks/jadx/jadx-core/src/main/java/jadx/core/clsp/ClspGraph.java
jadx.core.xmlgen.IResParser	/home/nima/Desktop/docker/benchmarks/jadx/jadx-core/src/main/java/jadx/core/xmlgen/IResParser.java
jadx.core.dex.visitors.typeinference.TypeCompareEnum	/home/nima/Desktop/docker/benchmarks/jadx/jadx-core/src/main/java/jadx/core/dex/visitors/typeinference/TypeCompareEnum.java
jadx.core.dex.visitors.typeinference.TypeCompare	/home/nima/Desktop/docker/benchmarks/jadx/jadx-core/src/main/java/jadx/core/dex/visitors/typeinference/TypeCompare.java
jadx.core.dex.visitors.typeinference.TypeCompare$ArgTypeComparator	/home/nima/Desktop/docker/benchmarks/jadx/jadx-core/src/main/java/jadx/core/dex/visitors/typeinference/TypeCompare.java
jadx.core.clsp.ClspClass	/home/nima/Desktop/docker/benchmarks/jadx/jadx-core/src/main/java/jadx/core/clsp/ClspClass.java
jadx.core.clsp.ClsSet	/home/nima/Desktop/docker/benchmarks/jadx/jadx-core/src/main/java/jadx/core/clsp/ClsSet.java
jadx.core.clsp.ClsSet$TypeEnum	/home/nima/Desktop/docker/benchmarks/jadx/jadx-core/src/main/java/jadx/core/clsp/ClsSet.java
jadx.core.clsp.ClspMethod	/home/nima/Desktop/docker/benchmarks/jadx/jadx-core/src/main/java/jadx/core/clsp/ClspMethod.java
jadx.core.dex.visitors.typeinference.ITypeListener	/home/nima/Desktop/docker/benchmarks/jadx/jadx-core/src/main/java/jadx/core/dex/visitors/typeinference/ITypeListener.java
jadx.core.dex.visitors.typeinference.TypeUpdateFlags	/home/nima/Desktop/docker/benchmarks/jadx/jadx-core/src/main/java/jadx/core/dex/visitors/typeinference/TypeUpdateFlags.java
jadx.core.dex.visitors.typeinference.TypeUpdateInfo	/home/nima/Desktop/docker/benchmarks/jadx/jadx-core/src/main/java/jadx/core/dex/visitors/typeinference/TypeUpdateInfo.java
jadx.core.dex.visitors.typeinference.TypeUpdateEntry	/home/nima/Desktop/docker/benchmarks/jadx/jadx-core/src/main/java/jadx/core/dex/visitors/typeinference/TypeUpdateEntry.java
jadx.core.export.TemplateFile	/home/nima/Desktop/docker/benchmarks/jadx/jadx-core/src/main/java/jadx/core/export/TemplateFile.java
jadx.core.export.TemplateFile$State	/home/nima/Desktop/docker/benchmarks/jadx/jadx-core/src/main/java/jadx/core/export/TemplateFile.java
jadx.core.export.TemplateFile$ParserState	/home/nima/Desktop/docker/benchmarks/jadx/jadx-core/src/main/java/jadx/core/export/TemplateFile.java
jadx.core.clsp.SimpleMethodDetails	/home/nima/Desktop/docker/benchmarks/jadx/jadx-core/src/main/java/jadx/core/clsp/SimpleMethodDetails.java
jadx.core.utils.InsnList	/home/nima/Desktop/docker/benchmarks/jadx/jadx-core/src/main/java/jadx/core/utils/InsnList.java
jadx.core.utils.InsnUtils	/home/nima/Desktop/docker/benchmarks/jadx/jadx-core/src/main/java/jadx/core/utils/InsnUtils.java
jadx.core.utils.files.FileUtils	/home/nima/Desktop/docker/benchmarks/jadx/jadx-core/src/main/java/jadx/core/utils/files/FileUtils.java
jadx.core.utils.files.FileUtils$1	/home/nima/Desktop/docker/benchmarks/jadx/jadx-core/src/main/java/jadx/core/utils/files/FileUtils.java
jadx.core.utils.BetterName	/home/nima/Desktop/docker/benchmarks/jadx/jadx-core/src/main/java/jadx/core/utils/BetterName.java
jadx.core.utils.RegionUtils	/home/nima/Desktop/docker/benchmarks/jadx/jadx-core/src/main/java/jadx/core/utils/RegionUtils.java
jadx.core.utils.RegionUtils$1	/home/nima/Desktop/docker/benchmarks/jadx/jadx-core/src/main/java/jadx/core/utils/RegionUtils.java
jadx.core.utils.android.TextResMapFile	/home/nima/Desktop/docker/benchmarks/jadx/jadx-core/src/main/java/jadx/core/utils/android/TextResMapFile.java
jadx.core.utils.android.Res9patchStreamDecoder	/home/nima/Desktop/docker/benchmarks/jadx/jadx-core/src/main/java/jadx/core/utils/android/Res9patchStreamDecoder.java
jadx.core.utils.android.Res9patchStreamDecoder$NinePatch	/home/nima/Desktop/docker/benchmarks/jadx/jadx-core/src/main/java/jadx/core/utils/android/Res9patchStreamDecoder.java
jadx.core.utils.android.ExtDataInput	/home/nima/Desktop/docker/benchmarks/jadx/jadx-core/src/main/java/jadx/core/utils/android/ExtDataInput.java
jadx.core.utils.android.DataInputDelegate	/home/nima/Desktop/docker/benchmarks/jadx/jadx-core/src/main/java/jadx/core/utils/android/DataInputDelegate.java
jadx.core.utils.input.InsnDataUtils	/home/nima/Desktop/docker/benchmarks/jadx/jadx-core/src/main/java/jadx/core/utils/input/InsnDataUtils.java
jadx.core.utils.DebugUtils	/home/nima/Desktop/docker/benchmarks/jadx/jadx-core/src/main/java/jadx/core/utils/DebugUtils.java
jadx.core.utils.DebugUtils$1	/home/nima/Desktop/docker/benchmarks/jadx/jadx-core/src/main/java/jadx/core/utils/DebugUtils.java
jadx.core.utils.DebugUtils$2	/home/nima/Desktop/docker/benchmarks/jadx/jadx-core/src/main/java/jadx/core/utils/DebugUtils.java
jadx.core.utils.DebugUtils$3	/home/nima/Desktop/docker/benchmarks/jadx/jadx-core/src/main/java/jadx/core/utils/DebugUtils.java
jadx.core.utils.DebugUtils$4	/home/nima/Desktop/docker/benchmarks/jadx/jadx-core/src/main/java/jadx/core/utils/DebugUtils.java
jadx.core.utils.exceptions.JadxOverflowException	/home/nima/Desktop/docker/benchmarks/jadx/jadx-core/src/main/java/jadx/core/utils/exceptions/JadxOverflowException.java
jadx.core.utils.exceptions.JadxRuntimeException	/home/nima/Desktop/docker/benchmarks/jadx/jadx-core/src/main/java/jadx/core/utils/exceptions/JadxRuntimeException.java
jadx.core.utils.exceptions.JadxArgsValidateException	/home/nima/Desktop/docker/benchmarks/jadx/jadx-core/src/main/java/jadx/core/utils/exceptions/JadxArgsValidateException.java
jadx.core.utils.DecompilerScheduler	/home/nima/Desktop/docker/benchmarks/jadx/jadx-core/src/main/java/jadx/core/utils/DecompilerScheduler.java
jadx.core.utils.DecompilerScheduler$DepInfo	/home/nima/Desktop/docker/benchmarks/jadx/jadx-core/src/main/java/jadx/core/utils/DecompilerScheduler.java
jadx.core.utils.InsnRemover	/home/nima/Desktop/docker/benchmarks/jadx/jadx-core/src/main/java/jadx/core/utils/InsnRemover.java
jadx.core.utils.GsonUtils	/home/nima/Desktop/docker/benchmarks/jadx/jadx-core/src/main/java/jadx/core/utils/GsonUtils.java
jadx.core.utils.GsonUtils$InterfaceReplace	/home/nima/Desktop/docker/benchmarks/jadx/jadx-core/src/main/java/jadx/core/utils/GsonUtils.java
jadx.core.utils.EmptyBitSet	/home/nima/Desktop/docker/benchmarks/jadx/jadx-core/src/main/java/jadx/core/utils/EmptyBitSet.java
jadx.core.utils.ListUtils	/home/nima/Desktop/docker/benchmarks/jadx/jadx-core/src/main/java/jadx/core/utils/ListUtils.java
jadx.core.utils.BlockInsnPair	/home/nima/Desktop/docker/benchmarks/jadx/jadx-core/src/main/java/jadx/core/utils/BlockInsnPair.java
jadx.core.utils.EncodedValueUtils	/home/nima/Desktop/docker/benchmarks/jadx/jadx-core/src/main/java/jadx/core/utils/EncodedValueUtils.java
jadx.core.utils.DebugChecks	/home/nima/Desktop/docker/benchmarks/jadx/jadx-core/src/main/java/jadx/core/utils/DebugChecks.java
jadx.core.utils.ImmutableList	/home/nima/Desktop/docker/benchmarks/jadx/jadx-core/src/main/java/jadx/core/utils/ImmutableList.java
jadx.core.utils.ImmutableList$1	/home/nima/Desktop/docker/benchmarks/jadx/jadx-core/src/main/java/jadx/core/utils/ImmutableList.java
jadx.core.utils.kotlin.KotlinMetadataUtils	/home/nima/Desktop/docker/benchmarks/jadx/jadx-core/src/main/java/jadx/core/utils/kotlin/KotlinMetadataUtils.java
jadx.core.deobf.ClsAliasPair	/home/nima/Desktop/docker/benchmarks/jadx/jadx-core/src/main/java/jadx/core/deobf/ClsAliasPair.java
jadx.core.utils.CodeGenUtils	/home/nima/Desktop/docker/benchmarks/jadx/jadx-core/src/main/java/jadx/core/utils/CodeGenUtils.java
jadx.core.utils.log.LogUtils	/home/nima/Desktop/docker/benchmarks/jadx/jadx-core/src/main/java/jadx/core/utils/log/LogUtils.java
jadx.core.NullUnmarked	/home/nima/Desktop/docker/benchmarks/jadx/jadx-core/src/main/java/jadx/core/NullUnmarked.java
jadx.core.xmlgen.ResTableParser	/home/nima/Desktop/docker/benchmarks/jadx/jadx-core/src/main/java/jadx/core/xmlgen/ResTableParser.java
jadx.core.xmlgen.ResTableParser$PackageChunk	/home/nima/Desktop/docker/benchmarks/jadx/jadx-core/src/main/java/jadx/core/xmlgen/ResTableParser.java
jadx.core.xmlgen.entry.EntryConfig	/home/nima/Desktop/docker/benchmarks/jadx/jadx-core/src/main/java/jadx/core/xmlgen/entry/EntryConfig.java
jadx.core.xmlgen.XmlGenUtils	/home/nima/Desktop/docker/benchmarks/jadx/jadx-core/src/main/java/jadx/core/xmlgen/XmlGenUtils.java
jadx.core.xmlgen.ResProtoParser	/home/nima/Desktop/docker/benchmarks/jadx/jadx-core/src/main/java/jadx/core/xmlgen/ResProtoParser.java
jadx.core.xmlgen.XmlSecurity	/home/nima/Desktop/docker/benchmarks/jadx/jadx-core/src/main/java/jadx/core/xmlgen/XmlSecurity.java
jadx.core.xmlgen.ResDecoder	/home/nima/Desktop/docker/benchmarks/jadx/jadx-core/src/main/java/jadx/core/xmlgen/ResDecoder.java
jadx.core.xmlgen.ManifestAttributes	/home/nima/Desktop/docker/benchmarks/jadx/jadx-core/src/main/java/jadx/core/xmlgen/ManifestAttributes.java
jadx.core.xmlgen.ManifestAttributes$MAttrType	/home/nima/Desktop/docker/benchmarks/jadx/jadx-core/src/main/java/jadx/core/xmlgen/ManifestAttributes.java
jadx.core.xmlgen.ManifestAttributes$MAttr	/home/nima/Desktop/docker/benchmarks/jadx/jadx-core/src/main/java/jadx/core/xmlgen/ManifestAttributes.java
jadx.core.xmlgen.ResXmlGen	/home/nima/Desktop/docker/benchmarks/jadx/jadx-core/src/main/java/jadx/core/xmlgen/ResXmlGen.java
jadx.core.xmlgen.ResourcesSaver	/home/nima/Desktop/docker/benchmarks/jadx/jadx-core/src/main/java/jadx/core/xmlgen/ResourcesSaver.java
jadx.core.xmlgen.XmlDeobf	/home/nima/Desktop/docker/benchmarks/jadx/jadx-core/src/main/java/jadx/core/xmlgen/XmlDeobf.java
jadx.core.xmlgen.XMLChar	/home/nima/Desktop/docker/benchmarks/jadx/jadx-core/src/main/java/jadx/core/xmlgen/XMLChar.java
jadx.core.deobf.DeobfPresets	/home/nima/Desktop/docker/benchmarks/jadx/jadx-core/src/main/java/jadx/core/deobf/DeobfPresets.java
jadx.core.deobf.Deobfuscator	/home/nima/Desktop/docker/benchmarks/jadx/jadx-core/src/main/java/jadx/core/deobf/Deobfuscator.java
jadx.core.deobf.DeobfClsInfo	/home/nima/Desktop/docker/benchmarks/jadx/jadx-core/src/main/java/jadx/core/deobf/DeobfClsInfo.java
jadx.core.deobf.PackageNode	/home/nima/Desktop/docker/benchmarks/jadx/jadx-core/src/main/java/jadx/core/deobf/PackageNode.java
jadx.core.deobf.NameMapper	/home/nima/Desktop/docker/benchmarks/jadx/jadx-core/src/main/java/jadx/core/deobf/NameMapper.java
jadx.core.deobf.TldHelper	/home/nima/Desktop/docker/benchmarks/jadx/jadx-core/src/main/java/jadx/core/deobf/TldHelper.java
jadx.core.Jadx	/home/nima/Desktop/docker/benchmarks/jadx/jadx-core/src/main/java/jadx/core/Jadx.java
jadx.core.Consts	/home/nima/Desktop/docker/benchmarks/jadx/jadx-core/src/main/java/jadx/core/Consts.java
jadx.core.dex.regions.loops.ForLoop	/home/nima/Desktop/docker/benchmarks/jadx/jadx-core/src/main/java/jadx/core/dex/regions/loops/ForLoop.java
jadx.core.dex.regions.loops.ForEachLoop	/home/nima/Desktop/docker/benchmarks/jadx/jadx-core/src/main/java/jadx/core/dex/regions/loops/ForEachLoop.java
jadx.core.dex.attributes.EmptyAttrStorage	/home/nima/Desktop/docker/benchmarks/jadx/jadx-core/src/main/java/jadx/core/dex/attributes/EmptyAttrStorage.java
jadx.core.dex.nodes.parser.SignatureParser	/home/nima/Desktop/docker/benchmarks/jadx/jadx-core/src/main/java/jadx/core/dex/nodes/parser/SignatureParser.java
jadx.core.dex.nodes.InsnContainer	/home/nima/Desktop/docker/benchmarks/jadx/jadx-core/src/main/java/jadx/core/dex/nodes/InsnContainer.java
jadx.core.dex.visitors.MarkMethodsForInline	/home/nima/Desktop/docker/benchmarks/jadx/jadx-core/src/main/java/jadx/core/dex/visitors/MarkMethodsForInline.java
jadx.core.dex.visitors.AbstractVisitor	/home/nima/Desktop/docker/benchmarks/jadx/jadx-core/src/main/java/jadx/core/dex/visitors/AbstractVisitor.java
jadx.core.dex.visitors.JadxVisitor	/home/nima/Desktop/docker/benchmarks/jadx/jadx-core/src/main/java/jadx/core/dex/visitors/JadxVisitor.java
jadx.core.dex.visitors.SignatureProcessor	/home/nima/Desktop/docker/benchmarks/jadx/jadx-core/src/main/java/jadx/core/dex/visitors/SignatureProcessor.java
jadx.core.dex.visitors.regions.IfMakerHelper	/home/nima/Desktop/docker/benchmarks/jadx/jadx-core/src/main/java/jadx/core/dex/visitors/regions/IfMakerHelper.java
jadx.core.dex.visitors.regions.RegionMaker	/home/nima/Desktop/docker/benchmarks/jadx/jadx-core/src/main/java/jadx/core/dex/visitors/regions/RegionMaker.java
jadx.core.dex.visitors.regions.RegionStack	/home/nima/Desktop/docker/benchmarks/jadx/jadx-core/src/main/java/jadx/core/dex/visitors/regions/RegionStack.java
jadx.core.dex.visitors.regions.RegionStack$State	/home/nima/Desktop/docker/benchmarks/jadx/jadx-core/src/main/java/jadx/core/dex/visitors/regions/RegionStack.java
jadx.core.dex.instructions.SwitchInsn	/home/nima/Desktop/docker/benchmarks/jadx/jadx-core/src/main/java/jadx/core/dex/instructions/SwitchInsn.java
jadx.core.dex.instructions.SwitchData	/home/nima/Desktop/docker/benchmarks/jadx/jadx-core/src/main/java/jadx/core/dex/instructions/SwitchData.java
jadx.core.dex.visitors.regions.RegionMakerVisitor	/home/nima/Desktop/docker/benchmarks/jadx/jadx-core/src/main/java/jadx/core/dex/visitors/regions/RegionMakerVisitor.java
jadx.core.dex.visitors.regions.RegionMakerVisitor$PostRegionVisitor	/home/nima/Desktop/docker/benchmarks/jadx/jadx-core/src/main/java/jadx/core/dex/visitors/regions/RegionMakerVisitor.java
jadx.core.dex.visitors.regions.IRegionVisitor	/home/nima/Desktop/docker/benchmarks/jadx/jadx-core/src/main/java/jadx/core/dex/visitors/regions/IRegionVisitor.java
jadx.core.dex.visitors.regions.AbstractRegionVisitor	/home/nima/Desktop/docker/benchmarks/jadx/jadx-core/src/main/java/jadx/core/dex/visitors/regions/AbstractRegionVisitor.java
jadx.core.dex.visitors.regions.variables.CollectUsageRegionVisitor	/home/nima/Desktop/docker/benchmarks/jadx/jadx-core/src/main/java/jadx/core/dex/visitors/regions/variables/CollectUsageRegionVisitor.java
jadx.core.dex.visitors.regions.TracedRegionVisitor	/home/nima/Desktop/docker/benchmarks/jadx/jadx-core/src/main/java/jadx/core/dex/visitors/regions/TracedRegionVisitor.java
jadx.core.dex.visitors.regions.variables.VarUsage	/home/nima/Desktop/docker/benchmarks/jadx/jadx-core/src/main/java/jadx/core/dex/visitors/regions/variables/VarUsage.java
jadx.core.dex.visitors.regions.variables.UsePlace	/home/nima/Desktop/docker/benchmarks/jadx/jadx-core/src/main/java/jadx/core/dex/visitors/regions/variables/UsePlace.java
jadx.core.dex.visitors.regions.variables.ProcessVariables	/home/nima/Desktop/docker/benchmarks/jadx/jadx-core/src/main/java/jadx/core/dex/visitors/regions/variables/ProcessVariables.java
jadx.core.dex.visitors.regions.variables.ProcessVariables$1	/home/nima/Desktop/docker/benchmarks/jadx/jadx-core/src/main/java/jadx/core/dex/visitors/regions/variables/ProcessVariables.java
jadx.core.dex.visitors.regions.CleanRegions	/home/nima/Desktop/docker/benchmarks/jadx/jadx-core/src/main/java/jadx/core/dex/visitors/regions/CleanRegions.java
jadx.core.dex.visitors.regions.CleanRegions$RemoveRegionVisitor	/home/nima/Desktop/docker/benchmarks/jadx/jadx-core/src/main/java/jadx/core/dex/visitors/regions/CleanRegions.java
jadx.core.dex.visitors.regions.LoopRegionVisitor	/home/nima/Desktop/docker/benchmarks/jadx/jadx-core/src/main/java/jadx/core/dex/visitors/regions/LoopRegionVisitor.java
jadx.core.dex.visitors.regions.CheckRegions	/home/nima/Desktop/docker/benchmarks/jadx/jadx-core/src/main/java/jadx/core/dex/visitors/regions/CheckRegions.java
jadx.core.dex.visitors.regions.CheckRegions$1	/home/nima/Desktop/docker/benchmarks/jadx/jadx-core/src/main/java/jadx/core/dex/visitors/regions/CheckRegions.java
jadx.core.dex.visitors.regions.CheckRegions$2	/home/nima/Desktop/docker/benchmarks/jadx/jadx-core/src/main/java/jadx/core/dex/visitors/regions/CheckRegions.java
jadx.core.dex.visitors.regions.IfRegionVisitor	/home/nima/Desktop/docker/benchmarks/jadx/jadx-core/src/main/java/jadx/core/dex/visitors/regions/IfRegionVisitor.java
jadx.core.dex.visitors.regions.IfRegionVisitor$ProcessIfRegionVisitor	/home/nima/Desktop/docker/benchmarks/jadx/jadx-core/src/main/java/jadx/core/dex/visitors/regions/IfRegionVisitor.java
jadx.core.dex.visitors.regions.IfRegionVisitor$RemoveRedundantElseVisitor	/home/nima/Desktop/docker/benchmarks/jadx/jadx-core/src/main/java/jadx/core/dex/visitors/regions/IfRegionVisitor.java
jadx.core.dex.visitors.regions.IRegionIterativeVisitor	/home/nima/Desktop/docker/benchmarks/jadx/jadx-core/src/main/java/jadx/core/dex/visitors/regions/IRegionIterativeVisitor.java
jadx.core.dex.visitors.regions.TernaryMod	/home/nima/Desktop/docker/benchmarks/jadx/jadx-core/src/main/java/jadx/core/dex/visitors/regions/TernaryMod.java
jadx.core.dex.visitors.regions.DepthRegionTraversal	/home/nima/Desktop/docker/benchmarks/jadx/jadx-core/src/main/java/jadx/core/dex/visitors/regions/DepthRegionTraversal.java
jadx.core.dex.visitors.regions.ReturnVisitor	/home/nima/Desktop/docker/benchmarks/jadx/jadx-core/src/main/java/jadx/core/dex/visitors/regions/ReturnVisitor.java
jadx.core.dex.visitors.regions.ReturnVisitor$ReturnRemoverVisitor	/home/nima/Desktop/docker/benchmarks/jadx/jadx-core/src/main/java/jadx/core/dex/visitors/regions/ReturnVisitor.java
jadx.core.dex.visitors.regions.ProcessTryCatchRegions	/home/nima/Desktop/docker/benchmarks/jadx/jadx-core/src/main/java/jadx/core/dex/visitors/regions/ProcessTryCatchRegions.java
jadx.core.dex.visitors.EnumVisitor	/home/nima/Desktop/docker/benchmarks/jadx/jadx-core/src/main/java/jadx/core/dex/visitors/EnumVisitor.java
jadx.core.dex.visitors.EnumVisitor$EnumData	/home/nima/Desktop/docker/benchmarks/jadx/jadx-core/src/main/java/jadx/core/dex/visitors/EnumVisitor.java
jadx.core.dex.visitors.DotGraphVisitor	/home/nima/Desktop/docker/benchmarks/jadx/jadx-core/src/main/java/jadx/core/dex/visitors/DotGraphVisitor.java
jadx.core.dex.visitors.DotGraphVisitor$DumpDotGraph	/home/nima/Desktop/docker/benchmarks/jadx/jadx-core/src/main/java/jadx/core/dex/visitors/DotGraphVisitor.java
jadx.core.dex.visitors.ExtractFieldInit	/home/nima/Desktop/docker/benchmarks/jadx/jadx-core/src/main/java/jadx/core/dex/visitors/ExtractFieldInit.java
jadx.core.dex.visitors.ExtractFieldInit$FieldInitInfo	/home/nima/Desktop/docker/benchmarks/jadx/jadx-core/src/main/java/jadx/core/dex/visitors/ExtractFieldInit.java
jadx.core.dex.visitors.ExtractFieldInit$ConstructorInitInfo	/home/nima/Desktop/docker/benchmarks/jadx/jadx-core/src/main/java/jadx/core/dex/visitors/ExtractFieldInit.java
jadx.core.dex.instructions.IndexInsnNode	/home/nima/Desktop/docker/benchmarks/jadx/jadx-core/src/main/java/jadx/core/dex/instructions/IndexInsnNode.java
jadx.core.dex.visitors.MethodVisitor	/home/nima/Desktop/docker/benchmarks/jadx/jadx-core/src/main/java/jadx/core/dex/visitors/MethodVisitor.java
jadx.core.dex.visitors.ProcessInstructionsVisitor	/home/nima/Desktop/docker/benchmarks/jadx/jadx-core/src/main/java/jadx/core/dex/visitors/ProcessInstructionsVisitor.java
jadx.core.dex.visitors.SaveCode	/home/nima/Desktop/docker/benchmarks/jadx/jadx-core/src/main/java/jadx/core/dex/visitors/SaveCode.java
jadx.core.dex.visitors.AnonymousClassVisitor	/home/nima/Desktop/docker/benchmarks/jadx/jadx-core/src/main/java/jadx/core/dex/visitors/AnonymousClassVisitor.java
jadx.core.dex.visitors.GenericTypesVisitor	/home/nima/Desktop/docker/benchmarks/jadx/jadx-core/src/main/java/jadx/core/dex/visitors/GenericTypesVisitor.java
jadx.core.dex.visitors.ReSugarCode	/home/nima/Desktop/docker/benchmarks/jadx/jadx-core/src/main/java/jadx/core/dex/visitors/ReSugarCode.java
jadx.core.dex.visitors.ReSugarCode$EnumMapInfo	/home/nima/Desktop/docker/benchmarks/jadx/jadx-core/src/main/java/jadx/core/dex/visitors/ReSugarCode.java
jadx.core.dex.instructions.NewArrayNode	/home/nima/Desktop/docker/benchmarks/jadx/jadx-core/src/main/java/jadx/core/dex/instructions/NewArrayNode.java
jadx.core.dex.visitors.ConstInlineVisitor	/home/nima/Desktop/docker/benchmarks/jadx/jadx-core/src/main/java/jadx/core/dex/visitors/ConstInlineVisitor.java
jadx.core.dex.visitors.AttachMethodDetails	/home/nima/Desktop/docker/benchmarks/jadx/jadx-core/src/main/java/jadx/core/dex/visitors/AttachMethodDetails.java
jadx.core.dex.visitors.ClassModifier	/home/nima/Desktop/docker/benchmarks/jadx/jadx-core/src/main/java/jadx/core/dex/visitors/ClassModifier.java
jadx.core.dex.visitors.typeinference.TypeBoundInvokeAssign	/home/nima/Desktop/docker/benchmarks/jadx/jadx-core/src/main/java/jadx/core/dex/visitors/typeinference/TypeBoundInvokeAssign.java
jadx.core.dex.visitors.typeinference.ITypeBoundDynamic	/home/nima/Desktop/docker/benchmarks/jadx/jadx-core/src/main/java/jadx/core/dex/visitors/typeinference/ITypeBoundDynamic.java
jadx.core.dex.visitors.typeinference.TypeBoundInvokeUse	/home/nima/Desktop/docker/benchmarks/jadx/jadx-core/src/main/java/jadx/core/dex/visitors/typeinference/TypeBoundInvokeUse.java
jadx.core.dex.visitors.typeinference.TypeBoundCheckCastAssign	/home/nima/Desktop/docker/benchmarks/jadx/jadx-core/src/main/java/jadx/core/dex/visitors/typeinference/TypeBoundCheckCastAssign.java
jadx.core.dex.visitors.typeinference.AbstractTypeConstraint	/home/nima/Desktop/docker/benchmarks/jadx/jadx-core/src/main/java/jadx/core/dex/visitors/typeinference/AbstractTypeConstraint.java
jadx.core.dex.visitors.typeinference.ITypeConstraint	/home/nima/Desktop/docker/benchmarks/jadx/jadx-core/src/main/java/jadx/core/dex/visitors/typeinference/ITypeConstraint.java
jadx.core.dex.visitors.typeinference.TypeSearchState	/home/nima/Desktop/docker/benchmarks/jadx/jadx-core/src/main/java/jadx/core/dex/visitors/typeinference/TypeSearchState.java
jadx.core.dex.visitors.typeinference.TypeSearchVarInfo	/home/nima/Desktop/docker/benchmarks/jadx/jadx-core/src/main/java/jadx/core/dex/visitors/typeinference/TypeSearchVarInfo.java
jadx.core.dex.visitors.typeinference.TypeBoundFieldGetAssign	/home/nima/Desktop/docker/benchmarks/jadx/jadx-core/src/main/java/jadx/core/dex/visitors/typeinference/TypeBoundFieldGetAssign.java
jadx.core.dex.visitors.typeinference.TypeInferenceVisitor	/home/nima/Desktop/docker/benchmarks/jadx/jadx-core/src/main/java/jadx/core/dex/visitors/typeinference/TypeInferenceVisitor.java
jadx.core.dex.visitors.typeinference.FinishTypeInference	/home/nima/Desktop/docker/benchmarks/jadx/jadx-core/src/main/java/jadx/core/dex/visitors/typeinference/FinishTypeInference.java
jadx.core.dex.visitors.typeinference.TypeBoundConst	/home/nima/Desktop/docker/benchmarks/jadx/jadx-core/src/main/java/jadx/core/dex/visitors/typeinference/TypeBoundConst.java
jadx.core.dex.visitors.typeinference.TypeUpdateRegistry	/home/nima/Desktop/docker/benchmarks/jadx/jadx-core/src/main/java/jadx/core/dex/visitors/typeinference/TypeUpdateRegistry.java
jadx.core.dex.visitors.typeinference.TypeSearch	/home/nima/Desktop/docker/benchmarks/jadx/jadx-core/src/main/java/jadx/core/dex/visitors/typeinference/TypeSearch.java
jadx.core.dex.visitors.typeinference.TypeSearch$1	/home/nima/Desktop/docker/benchmarks/jadx/jadx-core/src/main/java/jadx/core/dex/visitors/typeinference/TypeSearch.java
jadx.core.dex.visitors.typeinference.TypeSearch$2	/home/nima/Desktop/docker/benchmarks/jadx/jadx-core/src/main/java/jadx/core/dex/visitors/typeinference/TypeSearch.java
jadx.core.dex.visitors.InlineMethods	/home/nima/Desktop/docker/benchmarks/jadx/jadx-core/src/main/java/jadx/core/dex/visitors/InlineMethods.java
jadx.core.dex.visitors.rename.RenameVisitor	/home/nima/Desktop/docker/benchmarks/jadx/jadx-core/src/main/java/jadx/core/dex/visitors/rename/RenameVisitor.java
jadx.core.dex.visitors.rename.CodeRenameVisitor	/home/nima/Desktop/docker/benchmarks/jadx/jadx-core/src/main/java/jadx/core/dex/visitors/rename/CodeRenameVisitor.java
jadx.core.dex.visitors.rename.UserRenames	/home/nima/Desktop/docker/benchmarks/jadx/jadx-core/src/main/java/jadx/core/dex/visitors/rename/UserRenames.java
jadx.core.dex.visitors.ProcessMethodsForInline	/home/nima/Desktop/docker/benchmarks/jadx/jadx-core/src/main/java/jadx/core/dex/visitors/ProcessMethodsForInline.java
jadx.core.dex.visitors.shrink.ArgsInfo	/home/nima/Desktop/docker/benchmarks/jadx/jadx-core/src/main/java/jadx/core/dex/visitors/shrink/ArgsInfo.java
jadx.core.dex.visitors.shrink.WrapInfo	/home/nima/Desktop/docker/benchmarks/jadx/jadx-core/src/main/java/jadx/core/dex/visitors/shrink/WrapInfo.java
jadx.core.dex.visitors.shrink.CodeShrinkVisitor	/home/nima/Desktop/docker/benchmarks/jadx/jadx-core/src/main/java/jadx/core/dex/visitors/shrink/CodeShrinkVisitor.java
jadx.core.dex.visitors.MethodInvokeVisitor	/home/nima/Desktop/docker/benchmarks/jadx/jadx-core/src/main/java/jadx/core/dex/visitors/MethodInvokeVisitor.java
jadx.core.dex.visitors.usage.UsageInfo	/home/nima/Desktop/docker/benchmarks/jadx/jadx-core/src/main/java/jadx/core/dex/visitors/usage/UsageInfo.java
jadx.core.dex.visitors.usage.UseSet	/home/nima/Desktop/docker/benchmarks/jadx/jadx-core/src/main/java/jadx/core/dex/visitors/usage/UseSet.java
jadx.core.dex.visitors.usage.UsageInfoVisitor	/home/nima/Desktop/docker/benchmarks/jadx/jadx-core/src/main/java/jadx/core/dex/visitors/usage/UsageInfoVisitor.java
jadx.core.dex.visitors.SimplifyVisitor	/home/nima/Desktop/docker/benchmarks/jadx/jadx-core/src/main/java/jadx/core/dex/visitors/SimplifyVisitor.java
jadx.core.dex.visitors.debuginfo.DebugInfoAttachVisitor	/home/nima/Desktop/docker/benchmarks/jadx/jadx-core/src/main/java/jadx/core/dex/visitors/debuginfo/DebugInfoAttachVisitor.java
jadx.core.dex.visitors.debuginfo.DebugInfoApplyVisitor	/home/nima/Desktop/docker/benchmarks/jadx/jadx-core/src/main/java/jadx/core/dex/visitors/debuginfo/DebugInfoApplyVisitor.java
jadx.core.dex.visitors.MoveInlineVisitor	/home/nima/Desktop/docker/benchmarks/jadx/jadx-core/src/main/java/jadx/core/dex/visitors/MoveInlineVisitor.java
jadx.core.dex.visitors.ShadowFieldVisitor	/home/nima/Desktop/docker/benchmarks/jadx/jadx-core/src/main/java/jadx/core/dex/visitors/ShadowFieldVisitor.java
jadx.core.dex.visitors.ShadowFieldVisitor$FieldFixInfo	/home/nima/Desktop/docker/benchmarks/jadx/jadx-core/src/main/java/jadx/core/dex/visitors/ShadowFieldVisitor.java
jadx.core.dex.visitors.ShadowFieldVisitor$FieldFixType	/home/nima/Desktop/docker/benchmarks/jadx/jadx-core/src/main/java/jadx/core/dex/visitors/ShadowFieldVisitor.java
jadx.core.dex.visitors.blocks.BlockSplitter	/home/nima/Desktop/docker/benchmarks/jadx/jadx-core/src/main/java/jadx/core/dex/visitors/blocks/BlockSplitter.java
jadx.core.dex.visitors.blocks.BlockProcessor	/home/nima/Desktop/docker/benchmarks/jadx/jadx-core/src/main/java/jadx/core/dex/visitors/blocks/BlockProcessor.java
jadx.core.dex.visitors.blocks.FixMultiEntryLoops	/home/nima/Desktop/docker/benchmarks/jadx/jadx-core/src/main/java/jadx/core/dex/visitors/blocks/FixMultiEntryLoops.java
jadx.core.dex.visitors.blocks.FixMultiEntryLoops$BlockColor	/home/nima/Desktop/docker/benchmarks/jadx/jadx-core/src/main/java/jadx/core/dex/visitors/blocks/FixMultiEntryLoops.java
jadx.core.dex.visitors.blocks.BlockExceptionHandler	/home/nima/Desktop/docker/benchmarks/jadx/jadx-core/src/main/java/jadx/core/dex/visitors/blocks/BlockExceptionHandler.java
jadx.core.dex.visitors.blocks.DominatorTree	/home/nima/Desktop/docker/benchmarks/jadx/jadx-core/src/main/java/jadx/core/dex/visitors/blocks/DominatorTree.java
jadx.core.dex.visitors.CheckCode	/home/nima/Desktop/docker/benchmarks/jadx/jadx-core/src/main/java/jadx/core/dex/visitors/CheckCode.java
jadx.core.dex.visitors.methods.MutableMethodDetails	/home/nima/Desktop/docker/benchmarks/jadx/jadx-core/src/main/java/jadx/core/dex/visitors/methods/MutableMethodDetails.java
jadx.core.dex.visitors.AttachTryCatchVisitor	/home/nima/Desktop/docker/benchmarks/jadx/jadx-core/src/main/java/jadx/core/dex/visitors/AttachTryCatchVisitor.java
jadx.core.dex.visitors.ssa.LiveVarAnalysis	/home/nima/Desktop/docker/benchmarks/jadx/jadx-core/src/main/java/jadx/core/dex/visitors/ssa/LiveVarAnalysis.java
jadx.core.dex.visitors.ssa.RenameState	/home/nima/Desktop/docker/benchmarks/jadx/jadx-core/src/main/java/jadx/core/dex/visitors/ssa/RenameState.java
jadx.core.dex.visitors.ssa.SSATransform	/home/nima/Desktop/docker/benchmarks/jadx/jadx-core/src/main/java/jadx/core/dex/visitors/ssa/SSATransform.java
jadx.core.dex.visitors.finaly.InsnsSlice	/home/nima/Desktop/docker/benchmarks/jadx/jadx-core/src/main/java/jadx/core/dex/visitors/finaly/InsnsSlice.java
jadx.core.dex.visitors.finaly.FinallyExtractInfo	/home/nima/Desktop/docker/benchmarks/jadx/jadx-core/src/main/java/jadx/core/dex/visitors/finaly/FinallyExtractInfo.java
jadx.core.dex.visitors.finaly.MarkFinallyVisitor	/home/nima/Desktop/docker/benchmarks/jadx/jadx-core/src/main/java/jadx/core/dex/visitors/finaly/MarkFinallyVisitor.java
jadx.core.dex.visitors.FixAccessModifiers	/home/nima/Desktop/docker/benchmarks/jadx/jadx-core/src/main/java/jadx/core/dex/visitors/FixAccessModifiers.java
jadx.core.dex.visitors.DeboxingVisitor	/home/nima/Desktop/docker/benchmarks/jadx/jadx-core/src/main/java/jadx/core/dex/visitors/DeboxingVisitor.java
jadx.core.dex.visitors.DepthTraversal	/home/nima/Desktop/docker/benchmarks/jadx/jadx-core/src/main/java/jadx/core/dex/visitors/DepthTraversal.java
jadx.core.dex.visitors.ProcessAnonymous	/home/nima/Desktop/docker/benchmarks/jadx/jadx-core/src/main/java/jadx/core/dex/visitors/ProcessAnonymous.java
jadx.core.dex.visitors.ModVisitor	/home/nima/Desktop/docker/benchmarks/jadx/jadx-core/src/main/java/jadx/core/dex/visitors/ModVisitor.java
jadx.core.dex.visitors.InitCodeVariables	/home/nima/Desktop/docker/benchmarks/jadx/jadx-core/src/main/java/jadx/core/dex/visitors/InitCodeVariables.java
jadx.core.dex.visitors.PrepareForCodeGen	/home/nima/Desktop/docker/benchmarks/jadx/jadx-core/src/main/java/jadx/core/dex/visitors/PrepareForCodeGen.java
jadx.core.dex.visitors.FallbackModeVisitor	/home/nima/Desktop/docker/benchmarks/jadx/jadx-core/src/main/java/jadx/core/dex/visitors/FallbackModeVisitor.java
jadx.core.dex.visitors.AttachCommentsVisitor	/home/nima/Desktop/docker/benchmarks/jadx/jadx-core/src/main/java/jadx/core/dex/visitors/AttachCommentsVisitor.java
jadx.core.dex.visitors.OverrideMethodVisitor	/home/nima/Desktop/docker/benchmarks/jadx/jadx-core/src/main/java/jadx/core/dex/visitors/OverrideMethodVisitor.java
jadx.core.dex.visitors.OverrideMethodVisitor$SuperTypesData	/home/nima/Desktop/docker/benchmarks/jadx/jadx-core/src/main/java/jadx/core/dex/visitors/OverrideMethodVisitor.java
jadx.core.dex.visitors.kotlin.ProcessKotlinInternals	/home/nima/Desktop/docker/benchmarks/jadx/jadx-core/src/main/java/jadx/core/dex/visitors/kotlin/ProcessKotlinInternals.java
jadx.core.dex.visitors.ConstructorVisitor	/home/nima/Desktop/docker/benchmarks/jadx/jadx-core/src/main/java/jadx/core/dex/visitors/ConstructorVisitor.java
jadx.core.dex.instructions.args.VarName	/home/nima/Desktop/docker/benchmarks/jadx/jadx-core/src/main/java/jadx/core/dex/instructions/args/VarName.java
jadx.core.dex.instructions.InvokeCustomBuilder	/home/nima/Desktop/docker/benchmarks/jadx/jadx-core/src/main/java/jadx/core/dex/instructions/InvokeCustomBuilder.java
jadx.core.dex.instructions.ConstClassNode	/home/nima/Desktop/docker/benchmarks/jadx/jadx-core/src/main/java/jadx/core/dex/instructions/ConstClassNode.java
jadx.core.dex.instructions.ConstStringNode	/home/nima/Desktop/docker/benchmarks/jadx/jadx-core/src/main/java/jadx/core/dex/instructions/ConstStringNode.java
jadx.core.dex.instructions.invokedynamic.CustomLambdaCall	/home/nima/Desktop/docker/benchmarks/jadx/jadx-core/src/main/java/jadx/core/dex/instructions/invokedynamic/CustomLambdaCall.java
jadx.core.dex.instructions.invokedynamic.CustomStringConcat	/home/nima/Desktop/docker/benchmarks/jadx/jadx-core/src/main/java/jadx/core/dex/instructions/invokedynamic/CustomStringConcat.java
jadx.core.dex.instructions.InsnDecoder	/home/nima/Desktop/docker/benchmarks/jadx/jadx-core/src/main/java/jadx/core/dex/instructions/InsnDecoder.java
jadx.core.codegen.CodeGen	/home/nima/Desktop/docker/benchmarks/jadx/jadx-core/src/main/java/jadx/core/codegen/CodeGen.java
jadx.core.codegen.TypeGen	/home/nima/Desktop/docker/benchmarks/jadx/jadx-core/src/main/java/jadx/core/codegen/TypeGen.java
jadx.core.codegen.json.cls.JsonField	/home/nima/Desktop/docker/benchmarks/jadx/jadx-core/src/main/java/jadx/core/codegen/json/cls/JsonField.java
jadx.core.codegen.json.cls.JsonNode	/home/nima/Desktop/docker/benchmarks/jadx/jadx-core/src/main/java/jadx/core/codegen/json/cls/JsonNode.java
jadx.core.codegen.json.cls.JsonMethod	/home/nima/Desktop/docker/benchmarks/jadx/jadx-core/src/main/java/jadx/core/codegen/json/cls/JsonMethod.java
jadx.core.codegen.json.cls.JsonCodeLine	/home/nima/Desktop/docker/benchmarks/jadx/jadx-core/src/main/java/jadx/core/codegen/json/cls/JsonCodeLine.java
jadx.core.codegen.json.cls.JsonClass	/home/nima/Desktop/docker/benchmarks/jadx/jadx-core/src/main/java/jadx/core/codegen/json/cls/JsonClass.java
jadx.core.codegen.json.mapping.JsonClsMapping	/home/nima/Desktop/docker/benchmarks/jadx/jadx-core/src/main/java/jadx/core/codegen/json/mapping/JsonClsMapping.java
jadx.core.codegen.json.mapping.JsonFieldMapping	/home/nima/Desktop/docker/benchmarks/jadx/jadx-core/src/main/java/jadx/core/codegen/json/mapping/JsonFieldMapping.java
jadx.core.codegen.json.mapping.JsonMthMapping	/home/nima/Desktop/docker/benchmarks/jadx/jadx-core/src/main/java/jadx/core/codegen/json/mapping/JsonMthMapping.java
jadx.core.codegen.json.mapping.JsonMapping	/home/nima/Desktop/docker/benchmarks/jadx/jadx-core/src/main/java/jadx/core/codegen/json/mapping/JsonMapping.java
jadx.core.codegen.json.JsonMappingGen	/home/nima/Desktop/docker/benchmarks/jadx/jadx-core/src/main/java/jadx/core/codegen/json/JsonMappingGen.java
jadx.core.codegen.json.JsonCodeGen	/home/nima/Desktop/docker/benchmarks/jadx/jadx-core/src/main/java/jadx/core/codegen/json/JsonCodeGen.java
jadx.core.codegen.ConditionGen	/home/nima/Desktop/docker/benchmarks/jadx/jadx-core/src/main/java/jadx/core/codegen/ConditionGen.java
jadx.core.codegen.ConditionGen$CondStack	/home/nima/Desktop/docker/benchmarks/jadx/jadx-core/src/main/java/jadx/core/codegen/ConditionGen.java
jadx.core.codegen.SimpleModeHelper	/home/nima/Desktop/docker/benchmarks/jadx/jadx-core/src/main/java/jadx/core/codegen/SimpleModeHelper.java
jadx.core.Initializer	/home/nima/Desktop/docker/benchmarks/jadx/jadx-core/src/main/java/jadx/core/Initializer.java
jadx.api.utils.CodeUtils	/home/nima/Desktop/docker/benchmarks/jadx/jadx-core/src/main/java/jadx/api/utils/CodeUtils.java
jadx.api.JadxArgsValidator	/home/nima/Desktop/docker/benchmarks/jadx/jadx-core/src/main/java/jadx/api/JadxArgsValidator.java
jadx.api.data.impl.JadxNodeRef	/home/nima/Desktop/docker/benchmarks/jadx/jadx-core/src/main/java/jadx/api/data/impl/JadxNodeRef.java
jadx.api.data.impl.JadxCodeComment	/home/nima/Desktop/docker/benchmarks/jadx/jadx-core/src/main/java/jadx/api/data/impl/JadxCodeComment.java
jadx.api.data.impl.JadxCodeData	/home/nima/Desktop/docker/benchmarks/jadx/jadx-core/src/main/java/jadx/api/data/impl/JadxCodeData.java
jadx.api.data.impl.JadxCodeRef	/home/nima/Desktop/docker/benchmarks/jadx/jadx-core/src/main/java/jadx/api/data/impl/JadxCodeRef.java
jadx.api.data.impl.JadxCodeRename	/home/nima/Desktop/docker/benchmarks/jadx/jadx-core/src/main/java/jadx/api/data/impl/JadxCodeRename.java
jadx.api.impl.InMemoryCodeCache	/home/nima/Desktop/docker/benchmarks/jadx/jadx-core/src/main/java/jadx/api/impl/InMemoryCodeCache.java
jadx.api.impl.SimpleCodeWriter	/home/nima/Desktop/docker/benchmarks/jadx/jadx-core/src/main/java/jadx/api/impl/SimpleCodeWriter.java
jadx.api.impl.NoOpCodeCache	/home/nima/Desktop/docker/benchmarks/jadx/jadx-core/src/main/java/jadx/api/impl/NoOpCodeCache.java
jadx.api.impl.AnnotatedCodeInfo	/home/nima/Desktop/docker/benchmarks/jadx/jadx-core/src/main/java/jadx/api/impl/AnnotatedCodeInfo.java
jadx.api.impl.SimpleCodeInfo	/home/nima/Desktop/docker/benchmarks/jadx/jadx-core/src/main/java/jadx/api/impl/SimpleCodeInfo.java
jadx.api.impl.DelegateCodeCache	/home/nima/Desktop/docker/benchmarks/jadx/jadx-core/src/main/java/jadx/api/impl/DelegateCodeCache.java
jadx.api.impl.AnnotatedCodeWriter	/home/nima/Desktop/docker/benchmarks/jadx/jadx-core/src/main/java/jadx/api/impl/AnnotatedCodeWriter.java
jadx.api.metadata.impl.CodeMetadataStorage	/home/nima/Desktop/docker/benchmarks/jadx/jadx-core/src/main/java/jadx/api/metadata/impl/CodeMetadataStorage.java
jadx.api.metadata.annotations.NodeEnd	/home/nima/Desktop/docker/benchmarks/jadx/jadx-core/src/main/java/jadx/api/metadata/annotations/NodeEnd.java
jadx.api.metadata.annotations.InsnCodeOffset	/home/nima/Desktop/docker/benchmarks/jadx/jadx-core/src/main/java/jadx/api/metadata/annotations/InsnCodeOffset.java
jadx.api.metadata.annotations.NodeDeclareRef	/home/nima/Desktop/docker/benchmarks/jadx/jadx-core/src/main/java/jadx/api/metadata/annotations/NodeDeclareRef.java
jadx.api.ResourcesLoader	/home/nima/Desktop/docker/benchmarks/jadx/jadx-core/src/main/java/jadx/api/ResourcesLoader.java
jadx.api.ResourcesLoader$ResourceDecoder	/home/nima/Desktop/docker/benchmarks/jadx/jadx-core/src/main/java/jadx/api/ResourcesLoader.java
jadx.api.ResourceFileContent	/home/nima/Desktop/docker/benchmarks/jadx/jadx-core/src/main/java/jadx/api/ResourceFileContent.java
